code,name,english_name
1240,茂生農經股份有限公司,茂生農經
1259,安心食品服務股份有限公司,安心
1264,德麥食品股份有限公司,德麥
1268,漢來美食股份有限公司,漢來美食
1294,漢田生技股份有限公司,漢田生技
1295,生合生物科技股份有限公司,生合
1336,台翰精密科技股份有限公司,台翰
1565,精華光學股份有限公司,精華
1569,濱川企業股份有限公司,濱川
1570,力肯實業股份有限公司,力肯
1580,新麥企業股份有限公司,新麥
1584,精剛精密科技股份有限公司,精剛
1586,和勤精機股份有限公司,和勤
1591,英屬開曼群島商駿吉控股(股)公司,駿吉-KY
1593,祺驊股份有限公司,祺驊
1595,川寶科技股份有限公司,川寶
1599,宏佳騰動力科技股份有限公司,宏佳騰
1742,台灣蠟品股份有限公司,台蠟
1777,生泰合成工業股份有限公司,生泰
1781,合世生醫科技股份有限公司,合世
1784,訊聯生物科技股份有限公司,訊聯
1785,光洋應用材料科技股份有限公司,光洋科
1788,杏昌生技股份有限公司,杏昌
1796,金穎生物科技股份有限公司,金穎生技
1799,易威生醫科技股份有限公司,易威
1813,寶利徠光學科技股份有限公司,寶利徠
1815,富喬工業股份有限公司,富喬
2035,唐榮鐵工廠股份有限公司,唐榮公司
2061,風青實業股份有限公司,風青
2063,世鎧精密股份有限公司,世鎧精密
2064,晉椿工業股份有限公司,晉椿
2065,世豐螺絲股份有限公司,世豐
2066,世德工業股份有限公司,世德
2067,嘉鋼精密工業股份有限公司,嘉鋼
2070,精湛光學科技股份有限公司,精湛
2073,雄順金屬股份有限公司,雄順
2221,大甲永和機械工業股份有限公司,大甲
2230,泰茂實業股份有限公司,泰茂
2235,謚源實業股份有限公司,謚源
2596,綠意開發股份有限公司,綠意
2640,台灣大車隊股份有限公司,大車隊
2641,正德海運股份有限公司,正德
2643,捷迅股份有限公司,捷迅
2718,全心投資控股股份有限公司,全心投控
2719,台鋼燦星國際旅行社股份有限公司,燦星旅
2724,藝舍國際創新股份有限公司,藝舍-KY
2726,雅茗天地股份有限公司,雅茗-KY
2729,瓦城泰統股份有限公司,瓦城
2732,六角國際事業股份有限公司,六角
2734,易飛網國際旅行社股份有限公司,易飛網
2736,富野大飯店股份有限公司,富野
2740,華軒地產股份有限公司,華軒
2743,山富國際旅行社股份有限公司,山富
2745,五福旅行社股份有限公司,五福
2751,王座國際餐飲股份有限公司,王座
2752,豆府股份有限公司,豆府
2754,亞洲藏壽司股份有限公司,亞洲藏壽司
2755,揚秦國際企業股份有限公司,揚秦
2756,聯發國際餐飲事業股份有限公司,聯發國際
2916,滿心企業股份有限公司,滿心
2924,開曼群島宏太股份有限公司,宏太-KY
2926,誠品生活股份有限公司,誠品生活
2937,集雅社股份有限公司,集雅社
2941,米斯特國際企業股份有限公司,米斯特
2947,振宇五金股份有限公司,振宇五金
2948,寶陞國際股份有限公司,寶陞
2949,欣新網股份有限公司,欣新網
3064,泰偉電子股份有限公司,泰偉
3066,李洲科技股份有限公司,李洲
3067,全域股份有限公司,全域
3071,協禧電機股份有限公司,協禧
3073,天方能源科技股份有限公司,天方能源
3078,僑威科技股份有限公司,僑威
3081,聯亞光電工業股份有限公司,聯亞
3083,中華網龍股份有限公司,網龍
3085,台鋼新零售股份有限公司,新零售
3086,華義國際數位娛樂股份有限公司,華義
3088,艾訊股份有限公司,艾訊
3093,台灣港建股份有限公司,港建*
3095,及成企業股份有限公司,及成
3105,穩懋半導體股份有限公司,穩懋
3114,好德科技股份有限公司,好德
3115,富育榮綱股份有限公司,富榮綱
3118,進階生物科技股份有限公司,進階
3122,笙泉科技股份有限公司,笙泉
3128,昇銳智慧科技股份有限公司,昇銳
3131,弘塑科技股份有限公司,弘塑
3141,晶宏半導體股份有限公司,晶宏
3147,大綜電腦系統股份有限公司,大綜
3152,璟德電子工業股份有限公司,璟德
3158,嘉實資訊股份有限公司,嘉實
3162,精確實業股份有限公司,精確
3163,波若威科技股份有限公司,波若威
3169,亞信電子股份有限公司,亞信
3171,炎洲流通股份有限公司,炎洲流通
3176,基亞生物科技股份有限公司,基亞
3178,公準精密工業股份有限公司,公準
3188,鑫龍騰開發股份有限公司,鑫龍騰
3191,雲嘉南科技股份有限公司,雲嘉南
3205,佰研生化科技股份有限公司,佰研
3206,志豐電子股份有限公司,志豐
3207,耀勝電子股份有限公司,耀勝
3211,順達科技股份有限公司,順達
3213,茂訊電腦股份有限公司,茂訊
3217,優群科技股份有限公司,優群
3218,大學光學科技股份有限公司,大學光
3219,倚強科技股份有限公司,倚強科
3221,台灣嘉碩科技股份有限公司,台嘉碩
3224,三顧股份有限公司,三顧
3226,龍鋒科技股份有限公司,龍鋒
3227,原相科技股份有限公司,原相
3228,金麗科技股份有限公司,金麗科
3230,錦明實業股份有限公司,錦明
3232,昱捷股份有限公司,昱捷
3234,光環科技股份有限公司,光環
3236,千如電機工業股份有限公司,千如
3252,海灣國際開發(股)公司,海灣
3259,鑫創科技股份有限公司,鑫創
3260,威剛科技股份有限公司,威剛
3264,欣銓科技股份有限公司,欣銓
3265,台星科股份有限公司,台星科
3268,海德威電子工業股份有限公司,海德威
3272,東碩資訊股份有限公司,東碩
3276,宇環科技股份有限公司,宇環
3284,太普高精密影像股份有限公司,太普高
3285,微端科技股份有限公司,微端
3287,廣寰科技股份有限公司,廣寰科
3288,點晶科技股份有限公司,點晶
3289,宜特科技股份有限公司,宜特
3290,東浦精密光電股份有限公司,東浦
3293,鈊象電子股份有限公司,鈊象
3294,英濟股份有限公司,英濟
3297,杭特電子股份有限公司,杭特
3303,岱稜科技股份有限公司,岱稜
3306,鼎天國際股份有限公司,鼎天
3310,佳穎精密企業股份有限公司,佳穎
3313,斐成開發科技股份有限公司,斐成
3317,尼克森微電子股份有限公司,尼克森
3322,建舜電子製造股份有限公司,建舜電
3323,加百裕工業股份有限公司,加百裕
3324,雙鴻科技股份有限公司,雙鴻
3325,旭品科技股份有限公司,旭品
3332,幸康電子股份有限公司,幸康
3339,泰谷光電科技股份有限公司,泰谷
3349,寶德科技股份有限公司,寶德
3354,律勝科技股份有限公司,律勝
3357,西北臺慶科技股份有限公司,臺慶科
3360,尚立股份有限公司,尚立
3362,先進光電科技股份有限公司,先進光
3363,上詮光纖通信股份有限公司,上詮
3372,台灣典範半導體股份有限公司,典範
3373,熱映光電股份有限公司,熱映
3374,精材科技股份有限公司,精材
3379,彬台科技股份有限公司,彬台
3388,崇越電通股份有限公司,崇越電
3390,旭軟電子科技股份有限公司,旭軟
3402,漢科系統科技股份有限公司,漢科
3426,台興電子企業股份有限公司,台興
3430,奇鈦科技股份有限公司,奇鈦科
3434,哲固資訊科技股份有限公司,哲固
3438,台灣類比科技股份有限公司,類比科
3441,聯一光電股份有限公司,聯一光電
3444,利機企業股份有限公司,利機
3455,由田新技股份有限公司,由田
3465,進泰電子科技股份有限公司,進泰電子
3466,德晉科技股份有限公司,德晉
3467,台灣精材股份有限公司,台灣精材
3479,安勤科技股份有限公司,安勤
3483,力致科技股份有限公司,力致
3484,崧騰企業股份有限公司,崧騰
3489,森寶開發股份有限公司,森寶
3490,單井工業股份有限公司,單井
3491,昇達科技股份有限公司,昇達科
3492,長盛科技股份有限公司,長盛
3498,陽程科技股份有限公司,陽程
3499,環天世通科技股份有限公司,環天科
3508,位速科技股份有限公司,位速
3511,矽瑪科技股份有限公司,矽瑪
3512,皇龍開發股份有限公司,皇龍
3516,亞帝歐光電股份有限公司,亞帝歐
3520,華盈電子股份有限公司,華盈
3521,台鋼建設事業股份有限公司,台鋼建設
3522,御嵿國際股份有限公司,御嵿
3523,迎輝科技股份有限公司,迎輝
3526,凡甲科技股份有限公司,凡甲
3527,聚積科技股份有限公司,聚積
3529,力旺電子股份有限公司,力旺
3531,先益電子工業股份有限公司,先益
3537,堡達實業股份有限公司,堡達
3540,曜越科技股份有限公司,曜越
3541,西柏科技股份有限公司,西柏
3546,宇峻奧汀科技股份有限公司,宇峻
3548,兆利科技工業股份有限公司,兆利
3551,世禾科技股份有限公司,世禾
3552,同致電子企業股份有限公司,同致
3555,博士旺創新股份有限公司,博士旺
3556,禾瑞亞科技股份有限公司,禾瑞亞
3558,神準科技股份有限公司,神準
3564,其陽科技股份有限公司,其陽
3567,逸昌科技股份有限公司,逸昌
3570,大塚資訊科技股份有限公司,大塚
3577,泓格科技股份有限公司,泓格
3580,友威科技股份有限公司,友威科
3581,博磊科技股份有限公司,博磊
3587,閎康科技股份有限公司,閎康
3594,磐儀科技股份有限公司,磐儀
3597,映興電子股份有限公司,映興
3609,三一東林科技股份有限公司,三一東林
3611,鼎翰科技股份有限公司,鼎翰
3615,安可光電股份有限公司,安可
3623,富晶通科技股份有限公司,富晶通
3624,光頡科技股份有限公司,光頡
3625,西勝國際股份有限公司,西勝
3628,盈正豫順電子股份有限公司,盈正
3629,地心引力股份有限公司,地心引力
3630,新鉅科技股份有限公司,新鉅科
3631,晟楠科技股份有限公司,晟楠
3632,研勤科技股份有限公司,研勤
3646,艾恩特精密工業股份有限公司,艾恩特
3663,鑫科材料科技股份有限公司,鑫科
3664,安瑞科技股份有限公司,安瑞-KY
3666,光耀科技股份有限公司,光耀
3672,康聯訊科技股份有限公司,康聯訊
3675,德微科技股份有限公司,德微
3680,家登精密工業股份有限公司,家登
3684,榮昌科技股份有限公司,榮昌
3685,元創精密車業股份有限公司,元創精密
3687,茂為歐買尬數位科技股份有限公司,歐買尬
3689,湧德電子股份有限公司,湧德
3691,碩禾電子材料股份有限公司,碩禾
3693,營邦企業股份有限公司,營邦
3707,漢磊科技股份有限公司,漢磊
3709,鑫聯大投資控股股份有限公司,鑫聯大投控
3710,連展投資控股股份有限公司,連展投控
3713,新晶投資控股股份有限公司,新晶投控
4102,永日化學工業股份有限公司,永日
4105,台灣東洋藥品工業股份有限公司,東洋
4107,邦特生物科技股份有限公司,邦特
4109,加捷生醫股份有限公司,加捷生醫
4111,濟生醫藥生技股份有限公司,濟生
4113,聯上實業股份有限公司,聯上
4114,健喬信元醫藥生技股份有限公司,健喬
4116,明基三豐醫療器材股份有限公司,明基醫
4120,友華生技醫藥股份有限公司,友華
4121,優盛醫學科技股份有限公司,優盛
4123,晟德大藥廠股份有限公司,晟德
4126,太平洋醫材股份有限公司,太醫
4127,天良生物科技企業股份有限公司,天良
4128,中天生物科技股份有限公司,中天
4129,聯合骨科器材股份有限公司,聯合
4130,健亞生物科技股份有限公司,健亞
4131,浩泰精準股份有限公司,浩泰
4138,曜亞國際股份有限公司,曜亞
4139,馬光保健控股股份有限公司,馬光-KY
4147,中裕新藥股份有限公司,中裕
4153,鈺緯科技開發股份有限公司,鈺緯
4154,樂威科股份有限公司,樂威科-KY
4157,太景醫藥研發控股股份有限公司,太景*-KY
4160,訊聯基因數位股份有限公司,訊聯基因
4161,聿新生物科技股份有限公司,聿新科
4162,智擎生技製藥股份有限公司,智擎
4163,鐿鈦科技股份有限公司,鐿鈦
4166,友霖生技醫藥股份有限公司,友霖
4167,松瑞製藥股份有限公司,松瑞藥
4168,台灣醣聯生技醫藥股份有限公司,醣聯
4171,瑞基海洋生物科技股份有限公司,瑞基
4173,久裕企業股份有限公司,久裕
4174,台灣浩鼎生技股份有限公司,浩鼎
4175,杏一醫療用品股份有限公司,杏一
4183,福永生物科技股份有限公司,福永生技
4188,安克生醫股份有限公司,安克
4192,杏國新藥股份有限公司,杏國
4198,欣大健康投資控股股份有限公司,欣大健康
4205,中華食品實業股份有限公司,中華食
4207,環泰企業股份有限公司,環泰
4303,信立化學工業股份有限公司,信立
4304,勝昱科技股份有限公司,勝昱
4305,世坤塑膠股份有限公司,世坤
4401,東隆興業股份有限公司,東隆興
4402,郡都開發股份有限公司,郡都開發
4406,新昕纖維股份有限公司,新昕纖
4413,飛寶企業股份有限公司,飛寶企業
4416,三圓建設股份有限公司,三圓
4417,金洲海洋科技股份有限公司,金洲
4419,皇家國際美食股份有限公司,皇家美食
4420,光明絲織廠股份有限公司,光明
4430,耀億工業股份有限公司,耀億
4432,銘旺實業股份有限公司,銘旺實
4433,興采實業股份有限公司,興采
4442,開曼群島商竣邦國際股份有限公司,竣邦-KY
4502,健信科技工業股份有限公司,健信
4503,金雨企業股份有限公司,金雨
4506,崇友實業(股)公司,崇友
4510,高鋒工業股份有限公司,高鋒
4513,福裕事業股份有限公司,福裕
4523,永彰科技股份有限公司,永彰
4527,(方方土)霖冷凍機械股份有限公司,方方土霖
4528,江興鍛壓工業股份有限公司,江興鍛
4529,淳紳股份有限公司,淳紳
4530,宏易創新國際股份有限公司,宏易
4533,協易機械工業股份有限公司,協易機
4534,慶騰精密科技股份有限公司,慶騰
4535,至興精機股份有限公司,至興
4538,大詠城機械股份有限公司,大詠城
4541,晟田科技工業股份有限公司,晟田
4542,科嶠工業股份有限公司,科嶠
4543,萬在工業股份有限公司,萬在
4549,桓達科技股份有限公司,桓達
4550,長佳機電工程股份有限公司,長佳
4554,橙的電子股份有限公司,橙的
4556,旭然國際股份有限公司,旭然
4558,寶緯工業股份有限公司,寶緯
4561,健椿工業股份有限公司,健椿
4563,百德機械股份有限公司,百德
4568,科際精密股份有限公司,科際精密
4577,達航科技股份有限公司,達航科技
4580,捷流閥業股份有限公司,捷流閥業
4584,君帆工業股份有限公司,君帆
4609,唐鋒實業股份有限公司,唐鋒
4702,中美聯合實業股份有限公司,中美實
4706,大恭化學工業股份有限公司,大恭
4707,磐亞股份有限公司,磐亞
4711,永純化學工業股份有限公司,永純
4714,永捷創新科技股份有限公司,永捷
4716,大立高分子工業股份有限公司,大立
4721,美琪瑪國際股份有限公司,美琪瑪
4726,永昕生物醫藥股份有限公司,永昕
4728,雙美生物科技股份有限公司,雙美
4729,熒茂光學股份有限公司,熒茂
4735,豪展醫療科技股份有限公司,豪展
4741,泓瀚科技股份有限公司,泓瀚
4743,合一生技股份有限公司,合一
4744,皇將科技股份有限公司,皇將
4745,合富醫療控股股份有限公司,合富-KY
4747,強生化學製藥廠股份有限公司,強生製藥
4749,新應材股份有限公司,新應材
4754,國碳科技股份有限公司,國碳科
4760,勤凱科技股份有限公司,勤凱科技
4767,誠泰工業科技股份有限公司,誠泰科技
4768,晶呈科技股份有限公司,晶呈科技
4772,台灣特品化學股份有限公司,台特化
4804,大略國際控股有限公司,大略-KY
4806,桂田文創娛樂股份有限公司,桂田文創
4903,聯合光纖通信股份有限公司,聯光通
4905,台聯電訊股份有限公司,台聯電
4907,富宇地產股份有限公司,富宇
4908,前鼎光電股份有限公司,前鼎
4909,新復興微波通訊股份有限公司,新復興
4911,德英生物科技股份有限公司,德英
4923,力士科技股份有限公司,力士
4924,欣厚科技股份有限公司,欣厚-KY
4931,新盛力科技股份有限公司,新盛力
4933,友輝光電股份有限公司,友輝
4939,亞洲電材股份有限公司,亞電
4946,紅心辣椒娛樂科技股份有限公司,辣椒
4950,金耘國際股份有限公司,金耘國際
4951,精拓科技股份有限公司,精拓科
4953,緯創軟體股份有限公司,緯軟
4966,譜瑞科技股份有限公司,譜瑞-KY
4971,英特磊科技股份有限公司,IET-KY
4972,湯石照明科技股份有限公司,湯石照明
4973,廣穎電通股份有限公司,廣穎電通
4974,亞泰影像科技股份有限公司,亞泰
4979,華星光通科技股份有限公司,華星光
4987,科誠股份有限公司,科誠
4991,環宇通訊半導體控股股份有限公司,環宇-KY
4995,晶達光電股份有限公司,晶達
5009,榮剛材料科技股份有限公司,榮剛
5011,久陽精密股份有限公司,久陽
5013,強新工業股份有限公司,強新
5014,建錩實業股份有限公司,建錩
5015,華祺工業股份有限公司,華祺
5016,松和工業股份有限公司,松和
5201,凱衛資訊股份有限公司,凱衛
5202,力新國際科技股份有限公司,力新
5205,中茂能資系統整合科技(股)公司,中茂
5206,坤悅開發股份有限公司,坤悅
5209,新鼎系統股份有限公司,新鼎
5210,寶碩財務科技股份有限公司,寶碩
5211,蒙恬科技股份有限公司,蒙恬
5212,凌網科技股份有限公司,凌網
5213,亞昕國際開發股份有限公司,亞昕
5220,萬達光電科技股份有限公司,萬達光電
5223,安力國際股份有限公司,安力-KY
5227,蓋曼立凱電能科技(股)公司,立凱-KY
5228,鈺鎧科技股份有限公司,鈺鎧
5230,雷笛克光學股份有限公司,雷笛克光學
5236,凌陽創新科技股份有限公司,凌陽創新
5245,智晶光電股份有限公司,智晶
5251,天鉞電子股份有限公司,天鉞電
5263,智崴資訊科技股份有限公司,智崴
5272,笙科電子股份有限公司,笙科
5274,信驊科技股份有限公司,信驊
5276,達輝股份有限公司,達輝-KY
5278,尚凡國際創新科技股份有限公司,尚凡*
5287,數字科技股份有限公司,數字
5289,宜鼎國際股份有限公司,宜鼎
5291,邑昇實業股份有限公司,邑昇
5299,杰力科技股份有限公司,杰力
5301,寶得利國際股份有限公司,寶得利
5302,太欣半導體股份有限公司,太欣
5309,系統電子工業股份有限公司,系統電
5310,天剛資訊股份有限公司,天剛
5312,寶島光學科技股份有限公司,寶島科
5314,世紀民生科技股份有限公司,世紀*
5315,光聯科技股份有限公司,光聯
5321,美而快國際股份有限公司,美而快
5324,士林開發股份有限公司,士開
5328,華容股份有限公司,華容
5340,建榮工業材料股份有限公司,建榮
5344,立衛科技股份有限公司,立衛
5345,馥鴻建設股份有限公司,馥鴻
5347,世界先進積體電路股份有限公司,世界
5348,正能量智能股份有限公司,正能量智能
5351,鈺創科技股份有限公司,鈺創
5353,台林電通股份有限公司,台林
5355,佳總興業股份有限公司,佳總
5356,協益電子股份有限公司,協益
5364,力麗觀光開發股份有限公司,力麗店
5371,中強光電股份有限公司,中光電
5381,光譜電工股份有限公司,光譜
5386,青雲國際科技股份有限公司,青雲
5392,能率創新股份有限公司,能率
5398,慕康生技醫藥股份有限公司,慕康生醫
5403,中菲電腦股份有限公司,中菲
5410,國眾電腦股份有限公司,國眾
5425,台灣半導體股份有限公司,台半
5426,振發實業股份有限公司,振發
5432,新門科技股份有限公司,新門
5438,東友科技股份有限公司,東友
5439,高技企業股份有限公司,高技
5443,均豪精密工業股份有限公司,均豪
5450,南良國際股份有限公司,南良
5452,佶優科技股份有限公司,佶優
5455,昇益開發股份有限公司,昇益
5457,宣德科技股份有限公司,宣德
5460,同協電子股份有限公司,同協
5464,霖宏科技股份有限公司,霖宏
5465,富驊企業股份有限公司,富驊
5468,凱鈺科技股份有限公司,凱鈺
5474,聰泰科技開發股份有限公司,聰泰
5475,德宏工業股份有限公司,德宏
5478,智冠科技股份有限公司,智冠
5481,新華泰富股份有限公司,新華
5483,中美矽晶製品股份有限公司,中美晶
5487,通泰積體電路股份有限公司,通泰
5488,松普科技股份有限公司,松普
5489,彩富電子股份有限公司,彩富
5490,同亨科技股份有限公司,同亨
5493,三聯科技股份有限公司,三聯
5498,凱崴電子股份有限公司,凱崴
5508,永信建設開發股份有限公司,永信建
5511,德昌營造股份有限公司,德昌
5512,力麒建設股份有限公司,力麒
5514,三豐建設股份有限公司,三豐
5516,雙喜營造股份有限公司,雙喜
5520,力泰建設企業股份有限公司,力泰
5523,豐謙建設股份有限公司,豐謙
5529,鉅陞國際開發股份有限公司,鉅陞
5530,龍巖股份有限公司,龍巖
5536,聖暉工程科技股份有限公司,聖暉*
5543,桓鼎股份有限公司,桓鼎-KY
5547,久舜營造股份有限公司,久舜
5548,安倉營造股份有限公司,安倉
5601,臺聯貨櫃通運股份有限公司,台聯櫃
5603,陸海股份有限公司,陸海
5604,中連誠企業股份有限公司,中連
5609,中菲行國際物流股份有限公司,中菲行
5701,劍湖山世界股份有限公司,劍湖山
5703,亞都麗緻大飯店股份有限公司,亞都麗緻
5704,知本老爺大酒店股份有限公司,老爺知
5864,致和證券股份有限公司,致和證
5878,台名保險經紀人股份有限公司,台名
5902,德記洋行股份有限公司,德記
5903,全家便利商店股份有限公司,全家
5904,寶雅國際股份有限公司,寶雅
5905,南仁湖育樂股份有限公司,南仁湖
6015,宏遠證券股份有限公司,宏遠證
6016,康和綜合證券股份有限公司,康和證
6020,大展證券股份有限公司,大展證
6021,美好證券股份有限公司,美好證
6023,元大期貨股份有限公司,元大期貨
6026,福邦證券股份有限公司,福邦證
6101,寬魚國際股份有限公司,寬魚國際
6103,合邦電子股份有限公司,合邦
6104,創惟科技股份有限公司,創惟
6109,亞元科技股份有限公司,亞元
6111,光聚晶電聯合股份有限公司,光聚晶電
6113,亞矽科技股份有限公司,亞矽
6114,久威國際股份有限公司,久威
6118,建達國際股份有限公司,建達
6121,新普科技股份有限公司,新普
6122,擎邦國際科技工程股份有限公司,擎邦
6123,上奇科技股份有限公司,上奇
6124,業強科技股份有限公司,業強
6125,廣運機械工程股份有限公司,廣運
6126,信音企業股份有限公司,信音
6127,九豪精密陶瓷股份有限公司,九豪
6129,普誠科技股份有限公司,普誠
6130,上亞科技股份有限公司,上亞科技
6134,萬旭電業股份有限公司,萬旭
6138,茂達電子股份有限公司,茂達
6140,訊達電腦股份有限公司,訊達電腦
6143,振曜科技股份有限公司,振曜
6144,得利影視股份有限公司,得利影
6146,耕興股份有限公司,耕興
6147,頎邦科技股份有限公司,頎邦
6148,驊宏資通股份有限公司,驊宏資
6150,撼訊科技股份有限公司,撼訊
6151,晉倫科技股份有限公司,晉倫
6154,順發電腦股份有限公司,順發
6156,松上電子股份有限公司,松上
6158,禾昌興業股份有限公司,禾昌
6160,欣技資訊股份有限公司,欣技
6161,捷波資訊股份有限公司,捷波
6163,華電聯網股份有限公司,華電網
6167,久正光電股份有限公司,久正
6169,昱泉國際股份有限公司,昱泉
6170,統振股份有限公司,統振
6171,大城地產股份有限公司,大城地產
6173,信昌電子陶瓷股份有限公司,信昌電
6174,安碁科技股份有限公司,安碁
6175,立敦科技股份有限公司,立敦
6179,亞通利大能源股份有限公司,亞通
6180,遊戲橘子數位科技股份有限公司,橘子
6182,合晶科技股份有限公司,合晶
6185,幃翔精密股份有限公司,幃翔
6186,新潤興業股份有限公司,新潤
6187,萬潤科技股份有限公司,萬潤
6188,廣明光電股份有限公司,廣明
6190,萬泰科技股份有限公司,萬泰科
6194,育富電子股份有限公司,育富
6195,詩肯股份有限公司,詩肯
6198,瑞築建設股份有限公司,瑞築
6199,天品聯合企業股份有限公司,天品
6203,海韻電子工業股份有限公司,海韻電
6204,台灣艾華電子工業股份有限公司,艾華
6207,雷科股份有限公司,雷科
6208,日揚科技股份有限公司,日揚
6210,慶生電子股份有限公司,慶生
6212,理銘開發股份有限公司,理銘
6217,中國探針股份有限公司,中探針
6218,豪勉科技股份有限公司,豪勉
6219,富旺國際開發股份有限公司,富旺
6220,岳豐科技股份有限公司,岳豐
6221,晉泰科技股份有限公司,晉泰
6222,立軒開發建設股份有限公司,立軒
6223,旺矽科技股份有限公司,旺矽
6227,茂綸股份有限公司,茂綸
6228,全譜科技股份有限公司,全譜
6229,研通科技股份有限公司,研通
6231,系微股份有限公司,系微
6233,旺玖科技股份有限公司,旺玖
6234,高僑自動化科技股份有限公司,高僑
6236,中湛股份有限公司,中湛
6237,驊訊電子企業股份有限公司,驊訊
6240,松崗國際興業股份有限公司,松崗
6241,鑫永洋科技股份有限公司,鑫永洋
6242,立康生醫事業股份有限公司,立康
6244,茂迪股份有限公司,茂迪
6245,立端科技股份有限公司,立端
6246,臺龍電子股份有限公司,臺龍
6248,沛波鋼鐵股份有限公司,沛波
6259,百徽股份有限公司,百徽
6261,久元電子股份有限公司,久元
6263,普萊德科技股份有限公司,普萊德
6264,富裔實業股份有限公司,富裔
6265,方土昶股份有限公司,方土昶
6266,泰詠電子股份有限公司,泰詠
6270,倍微科技股份有限公司,倍微
6274,台燿科技股份有限公司,台燿
6275,元山科技工業股份有限公司,元山
6276,安鈦克科技股份有限公司,安鈦克
6279,胡連精密股份有限公司,胡連
6284,佳邦科技股份有限公司,佳邦
6290,良維科技股份有限公司,良維
6291,沛亨半導體股份有限公司,沛亨
6292,迅德興業股份有限公司,迅德
6294,智基科技開發股份有限公司,智基
6411,晶焱科技股份有限公司,晶焱
6417,韋僑科技股份有限公司,韋僑
6418,詠昇電子股份有限公司,詠昇
6419,京晨科技股份有限公司,京晨科
6423,億而得微電子股份有限公司,億而得
6425,易發精機股份有限公司,易發
6432,今展科技股份有限公司,今展科
6435,大中積體電路股份有限公司,大中
6441,廣錠科技股份有限公司,廣錠
6461,益得生物科技股份有限公司,益得
6462,神盾股份有限公司,神盾
6465,威潤科技股份有限公司,威潤
6469,大樹醫藥股份有限公司,大樹
6470,宇智網通股份有限公司,宇智
6474,華豫寧股份有限公司,華豫寧
6482,弘煜科技事業股份有限公司,弘煜科
6485,點序科技股份有限公司,點序
6486,互動國際數位股份有限公司,互動
6488,環球晶圓股份有限公司,環球晶
6492,生華生物科技股份有限公司,生華科
6494,九齊科技股份有限公司,九齊
6496,科懋生物科技股份有限公司,科懋
6498,久禾光電股份有限公司,久禾光
6499,益安生醫股份有限公司,益安
6506,雙邦實業股份有限公司,雙邦
6508,惠光股份有限公司,惠光
6509,聚和國際股份有限公司,聚和
6510,中華精測科技股份有限公司,精測
6512,啟發電子股份有限公司,啟發電
6516,勤崴國際科技股份有限公司,勤崴國際
6517,保勝光學股份有限公司,保勝光學
6523,達爾膚生醫科技股份有限公司,達爾膚
6527,明達醫學科技股份有限公司,明達醫
6530,創威光電股份有限公司,創威
6532,瑞耘科技股份有限公司,瑞耘
6535,順天醫藥生技股份有限公司,順藥
6538,倉和股份有限公司,倉和
6542,隆中網絡股份有限公司,隆中
6546,正基科技股份有限公司,正基
6547,高端疫苗生物製劑股份有限公司,高端疫苗
6548,長華科技股份有限公司,長科*
6556,勝品電通股份有限公司,勝品
6560,欣普羅光電股份有限公司,欣普羅
6561,是方電訊股份有限公司,是方
6568,宏觀微電子股份有限公司,宏觀
6569,醫揚科技股份有限公司,醫揚
6570,維田科技股份有限公司,維田
6574,霈方國際股份有限公司,霈方
6576,逸達生物科技股份有限公司,逸達
6577,勁豐電子股份有限公司,勁豐
6578,達邦蛋白生技股份有限公司,達邦蛋白
6584,南俊國際股份有限公司,南俊國際
6588,東典光電科技股份有限公司,東典光電
6590,普鴻資訊股份有限公司,普鴻
6593,台灣銘板股份有限公司,台灣銘板
6596,寬宏藝術經紀股份有限公司,寬宏藝術
6597,立誠光電股份有限公司,立誠
6603,富強鑫精密工業股份有限公司,富強鑫
6609,台灣瀧澤科技股份有限公司,瀧澤科
6612,應用奈米醫材科技股份有限公司,奈米醫材
6613,朋億股份有限公司,朋億*
6615,慧智基因股份有限公司,慧智
6616,特昇國際股份有限公司,特昇-KY
6617,共信醫藥科技控股股份有限公司,共信-KY
6620,漢達生技醫藥股份有限公司,漢達
6624,萬年清環境工程股份有限公司,萬年清
6629,泰金投資控股股份有限公司,泰金-KY
6637,醫影股份有限公司,醫影
6640,均華精密工業股份有限公司,均華
6642,富致科技股份有限公司,富致
6643,&#20870;星科技股份有限公司,M31
6649,台灣生醫材料股份有限公司,台生材
6651,全宇昕科技股份有限公司,全宇昕
6654,天正國際精密機械股份有限公司,天正國際
6661,威健股份有限公司,威健生技
6662,樂斯科生物科技股份有限公司,樂斯科
6664,群翊工業股份有限公司,群翊
6667,信紘科技股份有限公司,信紘科
6679,鈺太科技股份有限公司,鈺太
6680,鑫創電子股份有限公司,鑫創電子
6683,雍智科技股份有限公司,雍智科技
6684,安格科技股份有限公司,安格
6690,安碁資訊股份有限公司,安碁資訊
6692,進金生能源服務股份有限公司,進能服
6693,廣閎科技股份有限公司,廣閎科
6697,東捷資訊服務股份有限公司,東捷資訊
6703,軒郁國際股份有限公司,軒郁
6708,天擎積體電路股份有限公司,天擎
6712,長聖國際生技股份有限公司,長聖
6716,應廣科技股份有限公司,應廣
6720,久昌科技股份有限公司,久昌
6721,信實保全股份有限公司,信實
6725,台灣矽科宏晟科技股份有限公司,矽科宏晟
6727,亞泰金屬工業股份有限公司,亞泰金屬
6728,上洋產業股份有限公司,上洋
6730,常廣股份有限公司,常廣
6732,昇佳電子股份有限公司,昇佳電子
6733,博晟生醫股份有限公司,博晟生醫
6735,美達科技股份有限公司,美達科技
6739,竹陞科技股份有限公司,竹陞科技
6741,"91APP, Inc.",91APP*-KY
6751,智聯服務股份有限公司,智聯服務
6752,叡揚資訊股份有限公司,叡揚
6761,穩得實業股份有限公司,穩得
6762,達亞國際股份有限公司,達亞
6763,綠界科技股份有限公司,綠界科技*
6767,台灣微創醫療器材股份有限公司,台微醫
6785,昱展新藥生技股份有限公司,昱展新藥
6788,華景電通股份有限公司,華景電
6791,虎門科技股份有限公司,虎門科技
6803,崑鼎綠能環保股份有限公司,崑鼎
6804,明係事業股份有限公司,明係
6811,宏碁資訊服務股份有限公司,宏碁資訊
6821,聯寶電子股份有限公司,聯寶
6823,濾能股份有限公司,濾能
6829,千附精密股份有限公司,千附精密
6840,東研信超股份有限公司,東研信超
6841,長佳智能股份有限公司,長佳智能
6843,進典工業股份有限公司,進典
6844,諾貝兒寶貝股份有限公司,諾貝兒
6846,綠茵生技股份有限公司,綠茵
6855,數泓科技股份有限公司,數泓科
6856,鑫傳國際多媒體科技股份有限公司,鑫傳
6859,伯特光電股份有限公司,伯特光
6865,偉康科技股份有限公司,偉康科技
6870,騰雲科技服務股份有限公司,騰雲
6872,浩宇生醫股份有限公司,浩宇生醫
6874,倍力資訊股份有限公司,倍力
6875,國邑藥品科技股份有限公司,國邑*
6877,鏵友益科技股份有限公司,鏵友益
6881,潤德室內裝修設計工程(股)公司,潤德
6884,海柏特股份有限公司,海柏特
6894,衛司特科技股份有限公司,衛司特
6895,宏碩系統股份有限公司,宏碩系統
6899,創為精密材料股份有限公司,創為精密
6903,巨漢系統科技股份有限公司,巨漢
6904,伯鑫工具股份有限公司,伯鑫
6907,雅特力科技(開曼)股份有限公司,雅特力-KY
6910,德鴻科技股份有限公司,德鴻
6913,鴻呈實業股份有限公司,鴻呈
6922,宸曜科技股份有限公司,宸曜
6925,意藍資訊股份有限公司,意藍
6929,佑全藥品股份有限公司,佑全
6953,家碩科技股份有限公司,家碩
6961,旅天下聯合國際旅行社(股)公司,旅天下
6967,汎瑋材料科技股份有限公司,汎瑋材料
6968,萬達寵物事業股份有限公司,萬達寵物
6971,惠民實業股份有限公司,惠民實業
6982,大井泵浦工業股份有限公司,大井泵浦
6996,力領科技股份有限公司,力領科技
6997,博弘雲端科技股份有限公司,博弘
7402,邑錡股份有限公司,邑錡
7547,碩網資訊股份有限公司,碩網
7556,意德士科技股份有限公司,意德士科技
7584,樂意傳播股份有限公司,樂意
7642,昶瑞機電股份有限公司,昶瑞機電
7703,銳澤實業股份有限公司,銳澤
7704,明遠精密科技股份有限公司,明遠精密
7708,全家國際餐飲股份有限公司,全家餐飲
7709,榮田精機股份有限公司,榮田
7712,博盛半導體股份有限公司,博盛半導體
7713,威力德生醫股份有限公司,威力德生醫
7714,創泓科技股份有限公司,創泓科技
7715,裕山環境工程股份有限公司,裕山
7716,昱臺國際股份有限公司,昱臺國際
7717,英屬開曼群島商萊德光電(股)公司,萊德光電-KY
7718,友鋮股份有限公司,友鋮
7723,築間餐飲事業股份有限公司,築間
7728,光焱科技股份有限公司,光焱科技
7734,印能科技股份有限公司,印能科技
7738,東聯互動股份有限公司,東聯互動
7743,金利食安科技股份有限公司,金利食安
7744,崴寶精密科技股份有限公司,崴寶
7747,昕奇雲端科技股份有限公司,昕奇雲端
7751,竑騰科技股份有限公司,竑騰
7753,星亞視覺股份有限公司,星亞
7757,金色三麥餐飲股份有限公司,金色三麥
7767,仁大資訊股份有限公司,仁大資訊
7770,君曜科技股份有限公司,君曜
7777,能率亞洲資本股份有限公司,能率亞洲
7782,光速火箭股份有限公司,光速火箭
7792,安葆國際實業股份有限公司,安葆
7805,威聯通科技股份有限公司,威聯通
7810,捷創科技股份有限公司,捷創科技
8024,佑華微電子股份有限公司,佑華
8027,鈦昇科技股份有限公司,鈦昇
8032,光菱電子股份有限公司,光菱
8034,榮群電訊股份有限公司,榮群
8038,長園科技實業股份有限公司,長園科
8040,九暘電子股份有限公司,九暘
8042,臺灣金山電子工業股份有限公司,金山電
8043,蜜望實企業股份有限公司,蜜望實
8044,網路家庭國際資訊股份有限公司,網家
8047,星雲電腦股份有限公司,星雲
8048,德勝科技股份有限公司,德勝
8049,晶采光電科技股份有限公司,晶采
8050,廣積科技股份有限公司,廣積
8054,安國國際科技股份有限公司,安國
8059,凱碩科技股份有限公司,凱碩
8064,東捷科技股份有限公司,東捷
8066,來思達國際企業股份有限公司,來思達
8067,志旭國際股份有限公司,志旭
8068,全達國際股份有限公司,全達
8069,元太科技工業股份有限公司,元太
8071,能率網通股份有限公司,能率網通
8074,鉅橡企業股份有限公司,鉅橡
8076,伍豐科技股份有限公司,伍豐
8077,洛碁實業股份有限公司,洛碁
8080,泰霖事業股份有限公司,泰霖
8083,瑞穎股份有限公司,瑞穎
8084,巨虹電子股份有限公司,巨虹
8085,福華電子股份有限公司,福華
8086,宏捷科技股份有限公司,宏捷科
8087,麗升能源科技股份有限公司,麗升能源
8088,品安科技股份有限公司,品安
8089,康全電訊股份有限公司,康全電訊
8091,翔名科技股份有限公司,翔名
8092,建暐精密科技股份有限公司,建暐
8093,保銳科技股份有限公司,保銳
8096,擎亞電子股份有限公司,擎亞
8097,常珵科技股份有限公司,常珵
8099,大同世界科技股份有限公司,大世科
8102,傑霖科技股份有限公司,傑霖科技
8107,大億金茂股份有限公司,大億金茂
8109,博大科技股份有限公司,博大
8111,立碁電子工業股份有限公司,立碁
8121,越峰電子材料股份有限公司,越峰
8147,正淩精密工業股份有限公司,正淩
8155,博智電子股份有限公司,博智
8171,天宇工業股份有限公司,天宇
8176,智捷科技股份有限公司,智捷
8182,加高電子股份有限公司,加高
8183,台灣精星科技股份有限公司,精星
8227,巨有科技股份有限公司,巨有科技
8234,新漢股份有限公司,新漢
8240,華宏新技股份有限公司,華宏
8255,朋程科技股份有限公司,朋程
8272,全景軟體股份有限公司,全景軟體
8277,商丞科技股份有限公司,商丞
8279,生展生物科技股份有限公司,生展
8284,三竹資訊股份有限公司,三竹
8289,泰藝電子股份有限公司,泰藝
8291,尚茂電子材料股份有限公司,尚茂
8299,群聯電子股份有限公司,群聯
8342,益張實業股份有限公司,益張
8349,恒耀國際股份有限公司,恒耀國際
8354,冠好科技股份有限公司,冠好
8358,金居開發股份有限公司,金居
8383,千附實業股份有限公司,千附
8390,金益鼎企業股份有限公司,金益鼎
8401,白紗科技印刷股份有限公司,白紗科
8403,盛弘醫藥股份有限公司,盛弘
8409,商之器科技股份有限公司,商之器
8410,森田印刷廠股份有限公司,森田
8415,大成國際鋼鐵股份有限公司,大國鋼
8416,實威國際股份有限公司,實威
8421,旭源包裝科技股份有限公司,旭源
8423,保綠資源股份有限公司,保綠-KY
8424,惠普股份有限公司,惠普
8426,紅木集團有限公司,紅木-KY
8431,匯鑽科技股份有限公司,匯鑽科
8432,東生華製藥股份有限公司,東生華
8433,弘帆股份有限公司,弘帆
8435,台灣鉅邁股份有限公司,鉅邁
8436,大江生醫股份有限公司,大江
8437,大地幼教股份有限公司,大地-KY
8440,綠電再生股份有限公司,綠電
8444,綠河股份有限公司,綠河-KY
8446,華研國際音樂股份有限公司,華研
8450,霹靂國際多媒體股份有限公司,霹靂
8455,蓋曼群島商日本大拓股份有限公司,大拓-KY
8472,夠麻吉股份有限公司,夠麻吉
8477,創業家數位股份有限公司,創業家
8489,三貝德數位文創股份有限公司,三貝德
8905,裕國冷凍冷藏股份有限公司,裕國
8906,花王企業股份有限公司,花王
8908,欣雄天然氣股份有限公司,欣雄
8916,光隆實業股份有限公司,光隆
8917,欣泰石油氣股份有限公司,欣泰
8921,沈氏藝術印刷股份有限公司,沈氏
8923,時報文化出版企業股份有限公司,時報
8924,大田精密工業股份有限公司,大田
8927,北基國際股份有限公司,北基
8928,鉅明股份有限公司,鉅明
8929,富堡工業股份有限公司,富堡
8930,青鋼應用材料股份有限公司,青鋼
8931,大園汽電共生股份有限公司,大汽電
8932,智通科創股份有限公司,智通*
8933,愛地雅工業股份有限公司,愛地雅
8935,邦泰複合材料股份有限公司,邦泰
8936,國統國際股份有限公司,國統
8937,合騏工業股份有限公司,合騏
8938,明安國際企業股份有限公司,明安
8941,關中股份有限公司,關中
8942,森鉅科技材料股份有限公司,森鉅
9949,琉園股份有限公司,琉園
9950,萬國通路股份有限公司,萬國通
9951,皇田工業股份有限公司,皇田
9960,邁達康網路事業股份有限公司,邁達康
9962,有益鋼鐵股份有限公司,有益
